{"cameraMode":{"drawMode":0,"name":"Shaded","section":"Shading Mode"},"sceneLighting":true,"audioPlay":false,"sceneViewState":{"m_AlwaysRefresh":false,"showFog":true,"showSkybox":true,"showFlares":true,"showImageEffects":true,"showParticleSystems":true,"showVisualEffectGraphs":true,"m_FxEnabled":true},"in2DMode":false,"pivot":{"x":-12.280731201171875,"y":11.915579795837403,"z":9.159574508666993},"rotation":{"x":-0.308530330657959,"y":0.031641121953725818,"z":-0.010309201665222645,"w":-0.9507027864456177},"size":9.744414329528809,"orthographic":false}